{"cameraMode":{"drawMode":0,"name":"Shaded","section":"Shading Mode"},"sceneLighting":false,"audioPlay":false,"sceneViewState":{"m_AlwaysRefresh":false,"showFog":true,"showSkybox":false,"showFlares":true,"showImageEffects":true,"showParticleSystems":true,"showVisualEffectGraphs":true,"m_FxEnabled":false},"in2DMode":false,"pivot":{"x":-0.0446736142039299,"y":-0.11101077497005463,"z":0.2775484025478363},"rotation":{"x":0.19954310357570649,"y":-0.03497005254030228,"z":0.007464480120688677,"w":0.9794161319732666},"size":0.2844959497451782,"orthographic":false}