{"cameraMode":{"drawMode":0,"name":"Shaded","section":"Shading Mode"},"sceneLighting":true,"audioPlay":false,"sceneViewState":{"m_AlwaysRefresh":false,"showFog":true,"showSkybox":false,"showFlares":true,"showImageEffects":true,"showParticleSystems":true,"showVisualEffectGraphs":true,"m_FxEnabled":true},"in2DMode":false,"pivot":{"x":8.964458465576172,"y":-0.004392396658658981,"z":6.4224934577941898},"rotation":{"x":-0.0077997539192438129,"y":-0.04888319969177246,"z":0.0003852130030281842,"w":-0.998781144618988},"size":0.22436876595020295,"orthographic":false}