{"cameraMode":{"drawMode":0,"name":"Shaded","section":"Shading Mode"},"sceneLighting":false,"audioPlay":false,"sceneViewState":{"m_AlwaysRefresh":false,"showFog":true,"showSkybox":false,"showFlares":true,"showImageEffects":true,"showParticleSystems":true,"showVisualEffectGraphs":true,"m_FxEnabled":false},"in2DMode":false,"pivot":{"x":-0.08616507798433304,"y":0.21058478951454163,"z":-0.0410577654838562},"rotation":{"x":0.2412419468164444,"y":-0.6683911681175232,"z":0.24635012447834016,"w":0.6595773696899414},"size":0.5734768509864807,"orthographic":false}