{"cameraMode":{"drawMode":0,"name":"Shaded","section":"Shading Mode"},"sceneLighting":true,"audioPlay":false,"sceneViewState":{"m_AlwaysRefresh":false,"showFog":true,"showSkybox":true,"showFlares":true,"showImageEffects":true,"showParticleSystems":true,"showVisualEffectGraphs":true,"m_FxEnabled":false},"in2DMode":false,"pivot":{"x":523.1195068359375,"y":379.51739501953127,"z":114.52642822265625},"rotation":{"x":-0.012002196162939072,"y":0.00438984390348196,"z":0.0003829939814750105,"w":1.0001262426376343},"size":449.8326416015625,"orthographic":false}