{"cameraMode":{"drawMode":0,"name":"Shaded","section":"Shading Mode"},"sceneLighting":true,"audioPlay":false,"sceneViewState":{"m_AlwaysRefresh":false,"showFog":true,"showSkybox":true,"showFlares":true,"showImageEffects":true,"showParticleSystems":true,"showVisualEffectGraphs":true,"m_FxEnabled":false},"in2DMode":false,"pivot":{"x":6.004774570465088,"y":0.6196235418319702,"z":6.582332611083984},"rotation":{"x":0.11242146790027619,"y":-0.5927340388298035,"z":0.08436477184295654,"w":0.7932575345039368},"size":0.2485179454088211,"orthographic":false}