{"cameraMode":{"drawMode":0,"name":"Shaded","section":"Shading Mode"},"sceneLighting":true,"audioPlay":false,"sceneViewState":{"m_AlwaysRefresh":false,"showFog":true,"showSkybox":true,"showFlares":true,"showImageEffects":true,"showParticleSystems":true,"showVisualEffectGraphs":true,"m_FxEnabled":false},"in2DMode":false,"pivot":{"x":375.1266784667969,"y":515.1385498046875,"z":-3.7829437255859377},"rotation":{"x":-0.001499164616689086,"y":0.007391616236418486,"z":0.00035934706102125347,"w":1.0001813173294068},"size":346.1867370605469,"orthographic":false}