{"cameraMode":{"drawMode":0,"name":"Shaded","section":"Shading Mode"},"sceneLighting":true,"audioPlay":false,"sceneViewState":{"m_AlwaysRefresh":false,"showFog":true,"showSkybox":true,"showFlares":true,"showImageEffects":true,"showParticleSystems":true,"showVisualEffectGraphs":true,"m_FxEnabled":false},"in2DMode":false,"pivot":{"x":5.517192363739014,"y":0.31860166788101199,"z":7.5562567710876469},"rotation":{"x":0.0014977594837546349,"y":0.5426799058914185,"z":-0.00010384770575910807,"w":-0.8402742147445679},"size":3.432861804962158,"orthographic":false}