{"cameraMode":{"drawMode":0,"name":"Shaded","section":"Shading Mode"},"sceneLighting":true,"audioPlay":false,"sceneViewState":{"m_AlwaysRefresh":false,"showFog":true,"showSkybox":true,"showFlares":true,"showImageEffects":true,"showParticleSystems":true,"showVisualEffectGraphs":true,"m_FxEnabled":false},"in2DMode":false,"pivot":{"x":232.4701385498047,"y":479.10321044921877,"z":439.91741943359377},"rotation":{"x":-0.0188964381814003,"y":0.005826987326145172,"z":-0.001129588345065713,"w":-1.0000910758972169},"size":522.015380859375,"orthographic":false}