{"cameraMode":{"drawMode":0,"name":"Shaded","section":"Shading Mode"},"sceneLighting":true,"audioPlay":false,"sceneViewState":{"m_AlwaysRefresh":false,"showFog":true,"showSkybox":true,"showFlares":true,"showImageEffects":true,"showParticleSystems":true,"showVisualEffectGraphs":true,"m_FxEnabled":false},"in2DMode":false,"pivot":{"x":5.986635684967041,"y":0.03839999809861183,"z":4.164467811584473},"rotation":{"x":0.12786249816417695,"y":-0.05088617652654648,"z":0.007608010899275541,"w":0.9907663464546204},"size":0.8660253882408142,"orthographic":false}