{"cameraMode":{"drawMode":0,"name":"Shaded","section":"Shading Mode"},"sceneLighting":true,"audioPlay":false,"sceneViewState":{"m_AlwaysRefresh":false,"showFog":true,"showSkybox":true,"showFlares":true,"showImageEffects":true,"showParticleSystems":true,"showVisualEffectGraphs":true,"m_FxEnabled":false},"in2DMode":false,"pivot":{"x":509.259033203125,"y":521.2465209960938,"z":76.82794952392578},"rotation":{"x":0.04229813814163208,"y":0.013995639979839325,"z":-0.00015908679051790386,"w":0.9992437362670898},"size":373.576416015625,"orthographic":false}