{"cameraMode":{"drawMode":0,"name":"Shaded","section":"Shading Mode"},"sceneLighting":true,"audioPlay":false,"sceneViewState":{"m_AlwaysRefresh":false,"showFog":true,"showSkybox":true,"showFlares":true,"showImageEffects":true,"showParticleSystems":true,"showVisualEffectGraphs":true,"m_FxEnabled":false},"in2DMode":false,"pivot":{"x":-0.7044267654418945,"y":-2.0113067626953127,"z":4.680971145629883},"rotation":{"x":0.13371320068836213,"y":-0.6667300462722778,"z":0.12394015491008759,"w":0.7229928374290466},"size":6.4827423095703129,"orthographic":false}