{"cameraMode":{"drawMode":0,"name":"Shaded","section":"Shading Mode"},"sceneLighting":true,"audioPlay":false,"sceneViewState":{"m_AlwaysRefresh":false,"showFog":true,"showSkybox":true,"showFlares":true,"showImageEffects":true,"showParticleSystems":true,"showVisualEffectGraphs":true,"m_FxEnabled":false},"in2DMode":false,"pivot":{"x":1052.1925048828125,"y":632.8414306640625,"z":25.4886474609375},"rotation":{"x":0.06534625589847565,"y":0.051959726959466937,"z":-0.0022527032997459175,"w":0.9968514442443848},"size":769.3851928710938,"orthographic":false}