{"cameraMode":{"drawMode":0,"name":"Shaded","section":"Shading Mode"},"sceneLighting":true,"audioPlay":false,"sceneViewState":{"m_AlwaysRefresh":false,"showFog":true,"showSkybox":true,"showFlares":true,"showImageEffects":true,"showParticleSystems":true,"showVisualEffectGraphs":true,"m_FxEnabled":false},"in2DMode":false,"pivot":{"x":894.491455078125,"y":557.4227905273438,"z":-95.97084045410156},"rotation":{"x":0.015003779903054238,"y":0.0118990708142519,"z":0.00014047806325834244,"w":1.0000262260437012},"size":532.0187377929688,"orthographic":false}