{"cameraMode":{"drawMode":0,"name":"Shaded","section":"Shading Mode"},"sceneLighting":true,"audioPlay":false,"sceneViewState":{"m_AlwaysRefresh":false,"showFog":true,"showSkybox":true,"showFlares":true,"showImageEffects":true,"showParticleSystems":true,"showVisualEffectGraphs":true,"m_FxEnabled":false},"in2DMode":false,"pivot":{"x":303.8406982421875,"y":486.59649658203127,"z":1078.5208740234375},"rotation":{"x":-0.001499164616689086,"y":0.007391616236418486,"z":0.00035934706102125347,"w":1.0001813173294068},"size":962.10693359375,"orthographic":false}