{"cameraMode":{"drawMode":0,"name":"Shaded","section":"Shading Mode"},"sceneLighting":true,"audioPlay":false,"sceneViewState":{"m_AlwaysRefresh":false,"showFog":true,"showSkybox":true,"showFlares":true,"showImageEffects":true,"showParticleSystems":true,"showVisualEffectGraphs":true,"m_FxEnabled":false},"in2DMode":false,"pivot":{"x":-0.4698057174682617,"y":-2.7585153579711916,"z":4.026745319366455},"rotation":{"x":0.13371320068836213,"y":-0.6667300462722778,"z":0.12394015491008759,"w":0.7229928374290466},"size":6.4827423095703129,"orthographic":false}