{"cameraMode":{"drawMode":0,"name":"Shaded","section":"Shading Mode"},"sceneLighting":true,"audioPlay":false,"sceneViewState":{"m_AlwaysRefresh":false,"showFog":true,"showSkybox":true,"showFlares":true,"showImageEffects":true,"showParticleSystems":true,"showVisualEffectGraphs":true,"m_FxEnabled":false},"in2DMode":false,"pivot":{"x":2.575773239135742,"y":2.1215946674346926,"z":1.200270414352417},"rotation":{"x":0.10899139940738678,"y":-0.7799505591392517,"z":0.14207255840301515,"w":0.6000111103057861},"size":6.8707475662231449,"orthographic":false}