{"cameraMode":{"drawMode":0,"name":"Shaded","section":"Shading Mode"},"sceneLighting":true,"audioPlay":false,"sceneViewState":{"m_AlwaysRefresh":false,"showFog":true,"showSkybox":true,"showFlares":true,"showImageEffects":true,"showParticleSystems":true,"showVisualEffectGraphs":true,"m_FxEnabled":false},"in2DMode":false,"pivot":{"x":541.3381958007813,"y":535.2017211914063,"z":282.75537109375},"rotation":{"x":0.0036090966314077379,"y":0.007089925464242697,"z":-0.0009372296626679599,"w":-1.00031578540802},"size":511.06842041015627,"orthographic":false}