{"cameraMode":{"drawMode":0,"name":"Shaded","section":"Shading Mode"},"sceneLighting":true,"audioPlay":false,"sceneViewState":{"m_AlwaysRefresh":false,"showFog":true,"showSkybox":true,"showFlares":true,"showImageEffects":true,"showParticleSystems":true,"showVisualEffectGraphs":true,"m_FxEnabled":false},"in2DMode":false,"pivot":{"x":836.973388671875,"y":615.4345092773438,"z":60.32940673828125},"rotation":{"x":0.13105663657188416,"y":0.02346539869904518,"z":-0.0019122360972687603,"w":0.9914388656616211},"size":416.5038757324219,"orthographic":false}