{"cameraMode":{"drawMode":0,"name":"Shaded","section":"Shading Mode"},"sceneLighting":true,"audioPlay":false,"sceneViewState":{"m_AlwaysRefresh":false,"showFog":true,"showSkybox":true,"showFlares":true,"showImageEffects":true,"showParticleSystems":true,"showVisualEffectGraphs":true,"m_FxEnabled":false},"in2DMode":false,"pivot":{"x":1021.1415405273438,"y":405.7241516113281,"z":3055.2783203125},"rotation":{"x":-0.021908016875386239,"y":-0.0034384310711175205,"z":-0.0009056802955456078,"w":-1.0001007318496705},"size":2111.4736328125,"orthographic":false}