{"cameraMode":{"drawMode":0,"name":"Shaded","section":"Shading Mode"},"sceneLighting":true,"audioPlay":false,"sceneViewState":{"m_AlwaysRefresh":false,"showFog":true,"showSkybox":true,"showFlares":true,"showImageEffects":true,"showParticleSystems":true,"showVisualEffectGraphs":true,"m_FxEnabled":false},"in2DMode":false,"pivot":{"x":4.646954536437988,"y":2.338683843612671,"z":1.1373200416564942},"rotation":{"x":-0.2929248809814453,"y":-0.012335820123553276,"z":0.0037804115563631059,"w":-0.9560520648956299},"size":1.97567617893219,"orthographic":false}