{"cameraMode":{"drawMode":0,"name":"Shaded","section":"Shading Mode"},"sceneLighting":false,"audioPlay":false,"sceneViewState":{"m_AlwaysRefresh":false,"showFog":true,"showSkybox":false,"showFlares":true,"showImageEffects":true,"showParticleSystems":true,"showVisualEffectGraphs":true,"m_FxEnabled":false},"in2DMode":false,"pivot":{"x":6.948263645172119,"y":0.09037543833255768,"z":0.8896287679672241},"rotation":{"x":0.10625182837247849,"y":-0.3336171507835388,"z":0.03903288394212723,"w":0.9362066388130188},"size":0.27412474155426028,"orthographic":false}