{"cameraMode":{"drawMode":0,"name":"Shaded","section":"Shading Mode"},"sceneLighting":true,"audioPlay":false,"sceneViewState":{"m_AlwaysRefresh":false,"showFog":true,"showSkybox":false,"showFlares":true,"showImageEffects":true,"showParticleSystems":true,"showVisualEffectGraphs":true,"m_FxEnabled":true},"in2DMode":false,"pivot":{"x":6.774415969848633,"y":0.0012288466095924378,"z":3.208958625793457},"rotation":{"x":0.0236850343644619,"y":0.017089929431676866,"z":0.0004123954859096557,"w":-0.9995845556259155},"size":0.10365169495344162,"orthographic":false}