{"cameraMode":{"drawMode":0,"name":"Shaded","section":"Shading Mode"},"sceneLighting":false,"audioPlay":false,"sceneViewState":{"m_AlwaysRefresh":false,"showFog":true,"showSkybox":false,"showFlares":true,"showImageEffects":true,"showParticleSystems":true,"showVisualEffectGraphs":true,"m_FxEnabled":false},"in2DMode":false,"pivot":{"x":1.231143593788147,"y":-1.1583863496780396,"z":0.8753538131713867},"rotation":{"x":-0.001499164616689086,"y":0.007391616236418486,"z":0.00035934706102125347,"w":1.0001813173294068},"size":9.324666023254395,"orthographic":false}