{"cameraMode":{"drawMode":0,"name":"Shaded","section":"Shading Mode"},"sceneLighting":true,"audioPlay":false,"sceneViewState":{"m_AlwaysRefresh":false,"showFog":true,"showSkybox":false,"showFlares":true,"showImageEffects":true,"showParticleSystems":true,"showVisualEffectGraphs":true,"m_FxEnabled":false},"in2DMode":false,"pivot":{"x":5.692704677581787,"y":0.6024017333984375,"z":0.7326889038085938},"rotation":{"x":-0.0006307563162408769,"y":-0.9978598356246948,"z":0.0692610964179039,"w":-0.0006906532216817141},"size":4.477826118469238,"orthographic":false}