{"cameraMode":{"drawMode":0,"name":"Shaded","section":"Shading Mode"},"sceneLighting":false,"audioPlay":false,"sceneViewState":{"m_AlwaysRefresh":false,"showFog":true,"showSkybox":false,"showFlares":true,"showImageEffects":true,"showParticleSystems":true,"showVisualEffectGraphs":true,"m_FxEnabled":false},"in2DMode":false,"pivot":{"x":1.1920928955078126e-7,"y":0.8887479305267334,"z":0.000784456729888916},"rotation":{"x":-0.22946175932884217,"y":0.20608939230442048,"z":-0.049813661724328998,"w":-0.9500281810760498},"size":1.3241560459136963,"orthographic":false}