{"cameraMode":{"drawMode":0,"name":"Shaded","section":"Shading Mode"},"sceneLighting":false,"audioPlay":false,"sceneViewState":{"m_AlwaysRefresh":false,"showFog":false,"showSkybox":false,"showFlares":false,"showImageEffects":false,"showParticleSystems":false,"showVisualEffectGraphs":true,"m_FxEnabled":false},"in2DMode":false,"pivot":{"x":-0.2194957137107849,"y":0.8920797109603882,"z":0.02887105941772461},"rotation":{"x":0.03740527480840683,"y":-0.06117471307516098,"z":0.002626881469041109,"w":0.997597873210907},"size":1.2698712348937989,"orthographic":false}