{"cameraMode":{"drawMode":0,"name":"Shaded","section":"Shading Mode"},"sceneLighting":true,"audioPlay":false,"sceneViewState":{"m_AlwaysRefresh":false,"showFog":true,"showSkybox":false,"showFlares":true,"showImageEffects":true,"showParticleSystems":true,"showVisualEffectGraphs":true,"m_FxEnabled":false},"in2DMode":false,"pivot":{"x":6.805413722991943,"y":0.007053455337882042,"z":3.1021666526794435},"rotation":{"x":-0.05960458889603615,"y":0.536968469619751,"z":-0.03924671187996864,"w":-0.8409219980239868},"size":0.048604849725961688,"orthographic":false}