{"cameraMode":{"drawMode":0,"name":"Shaded","section":"Shading Mode"},"sceneLighting":false,"audioPlay":false,"sceneViewState":{"m_AlwaysRefresh":false,"showFog":true,"showSkybox":false,"showFlares":true,"showImageEffects":true,"showParticleSystems":true,"showVisualEffectGraphs":true,"m_FxEnabled":false},"in2DMode":false,"pivot":{"x":0.02500000223517418,"y":-0.012000001966953278,"z":-0.004999998956918716},"rotation":{"x":0.02253519743680954,"y":-0.9704498648643494,"z":0.10176794230937958,"w":0.21866847574710847},"size":0.07830945402383805,"orthographic":false}