{"cameraMode":{"drawMode":0,"name":"Shaded","section":"Shading Mode"},"sceneLighting":true,"audioPlay":false,"sceneViewState":{"m_AlwaysRefresh":false,"showFog":true,"showSkybox":false,"showFlares":true,"showImageEffects":true,"showParticleSystems":true,"showVisualEffectGraphs":true,"m_FxEnabled":true},"in2DMode":false,"pivot":{"x":5.511291980743408,"y":-0.0009125522337853909,"z":3.1043107509613039},"rotation":{"x":-0.0077997539192438129,"y":-0.04888319969177246,"z":0.0003852130030281842,"w":-0.998781144618988},"size":0.08027447760105133,"orthographic":false}