{"cameraMode":{"drawMode":0,"name":"Shaded","section":"Shading Mode"},"sceneLighting":true,"audioPlay":false,"sceneViewState":{"m_AlwaysRefresh":false,"showFog":true,"showSkybox":false,"showFlares":true,"showImageEffects":true,"showParticleSystems":true,"showVisualEffectGraphs":true,"m_FxEnabled":true},"in2DMode":false,"pivot":{"x":5.526345252990723,"y":-1.1920928955078126e-7,"z":3.062993049621582},"rotation":{"x":-0.26590266823768618,"y":0.13308268785476685,"z":-0.03708810359239578,"w":-0.9540571570396423},"size":0.0681273490190506,"orthographic":false}