{"cameraMode":{"drawMode":0,"name":"Shaded","section":"Shading Mode"},"sceneLighting":true,"audioPlay":false,"sceneViewState":{"m_AlwaysRefresh":false,"showFog":true,"showSkybox":false,"showFlares":true,"showImageEffects":true,"showParticleSystems":true,"showVisualEffectGraphs":true,"m_FxEnabled":false},"in2DMode":false,"pivot":{"x":9.007567405700684,"y":-0.8650743365287781,"z":6.614251136779785},"rotation":{"x":0.5962386727333069,"y":-0.07843801379203797,"z":0.059414904564619067,"w":0.7970727682113648},"size":0.5558244585990906,"orthographic":false}