{"cameraMode":{"drawMode":0,"name":"Shaded","section":"Shading Mode"},"sceneLighting":true,"audioPlay":false,"sceneViewState":{"m_AlwaysRefresh":false,"showFog":true,"showSkybox":false,"showFlares":true,"showImageEffects":true,"showParticleSystems":true,"showVisualEffectGraphs":true,"m_FxEnabled":false},"in2DMode":false,"pivot":{"x":8.846059799194336,"y":-0.22752931714057923,"z":6.831982135772705},"rotation":{"x":0.24350477755069734,"y":-0.15578125417232514,"z":0.04010867699980736,"w":0.9567235708236694},"size":0.4031471312046051,"orthographic":false}