{"cameraMode":{"drawMode":0,"name":"Shaded","section":"Shading Mode"},"sceneLighting":true,"audioPlay":false,"sceneViewState":{"m_AlwaysRefresh":false,"showFog":true,"showSkybox":false,"showFlares":true,"showImageEffects":true,"showParticleSystems":true,"showVisualEffectGraphs":true,"m_FxEnabled":false},"in2DMode":false,"pivot":{"x":8.635093688964844,"y":0.02187546342611313,"z":6.196476936340332},"rotation":{"x":0.050432514399290088,"y":-0.9477657079696655,"z":0.19352853298187257,"w":0.24946372210979463},"size":0.5445119738578796,"orthographic":false}