{"cameraMode":{"drawMode":0,"name":"Shaded","section":"Shading Mode"},"sceneLighting":false,"audioPlay":false,"sceneViewState":{"m_AlwaysRefresh":false,"showFog":true,"showSkybox":false,"showFlares":true,"showImageEffects":true,"showParticleSystems":true,"showVisualEffectGraphs":true,"m_FxEnabled":false},"in2DMode":false,"pivot":{"x":855.378662109375,"y":492.8056335449219,"z":-3.484577178955078},"rotation":{"x":0.025499915704131128,"y":-0.011311111971735955,"z":-0.0005596775445155799,"w":-0.9998063445091248},"size":44.86397171020508,"orthographic":false}