{"cameraMode":{"drawMode":0,"name":"Shaded","section":"Shading Mode"},"sceneLighting":false,"audioPlay":false,"sceneViewState":{"m_AlwaysRefresh":false,"showFog":true,"showSkybox":false,"showFlares":true,"showImageEffects":true,"showParticleSystems":true,"showVisualEffectGraphs":true,"m_FxEnabled":false},"in2DMode":false,"pivot":{"x":916.2182006835938,"y":431.7626037597656,"z":-1.7428398132324219},"rotation":{"x":0.025499915704131128,"y":-0.011311111971735955,"z":-0.0005596775445155799,"w":-0.9998063445091248},"size":17.822067260742189,"orthographic":false}