{"cameraMode":{"drawMode":0,"name":"Shaded","section":"Shading Mode"},"sceneLighting":false,"audioPlay":false,"sceneViewState":{"m_AlwaysRefresh":false,"showFog":true,"showSkybox":false,"showFlares":true,"showImageEffects":true,"showParticleSystems":true,"showVisualEffectGraphs":true,"m_FxEnabled":false},"in2DMode":false,"pivot":{"x":908.7205200195313,"y":431.0496826171875,"z":-1.5369224548339844},"rotation":{"x":0.025499915704131128,"y":-0.011311111971735955,"z":-0.0005596775445155799,"w":-0.9998063445091248},"size":76.12799835205078,"orthographic":false}