{"cameraMode":{"drawMode":0,"name":"Shaded","section":"Shading Mode"},"sceneLighting":false,"audioPlay":false,"sceneViewState":{"m_AlwaysRefresh":false,"showFog":false,"showSkybox":false,"showFlares":false,"showImageEffects":false,"showParticleSystems":false,"showVisualEffectGraphs":true,"m_FxEnabled":false},"in2DMode":false,"pivot":{"x":-0.007468461990356445,"y":0.42422378063201907,"z":-0.0071287453174591068},"rotation":{"x":-0.22946175932884217,"y":0.20608939230442048,"z":-0.049813661724328998,"w":-0.9500281810760498},"size":0.8301622271537781,"orthographic":false}