{"cameraMode":{"drawMode":0,"name":"Shaded","section":"Shading Mode"},"sceneLighting":false,"audioPlay":false,"sceneViewState":{"m_AlwaysRefresh":false,"showFog":true,"showSkybox":false,"showFlares":true,"showImageEffects":true,"showParticleSystems":true,"showVisualEffectGraphs":true,"m_FxEnabled":false},"in2DMode":false,"pivot":{"x":-0.014721810817718506,"y":0.11144358664751053,"z":0.010895200073719025},"rotation":{"x":-0.2986474335193634,"y":0.6501591205596924,"z":-0.31195366382598879,"w":-0.6256569623947144},"size":0.24559158086776734,"orthographic":false}