{"cameraMode":{"drawMode":0,"name":"Shaded","section":"Shading Mode"},"sceneLighting":true,"audioPlay":false,"sceneViewState":{"m_AlwaysRefresh":false,"showFog":true,"showSkybox":true,"showFlares":true,"showImageEffects":true,"showParticleSystems":true,"showVisualEffectGraphs":true,"m_FxEnabled":true},"in2DMode":false,"pivot":{"x":718.6261596679688,"y":431.0918884277344,"z":1151.0374755859375},"rotation":{"x":-0.045000363141298297,"y":-0.0015742250252515078,"z":-0.00044088350841775537,"w":-0.9991145133972168},"size":1046.76953125,"orthographic":false}