{"cameraMode":{"drawMode":0,"name":"Shaded","section":"Shading Mode"},"sceneLighting":true,"audioPlay":false,"sceneViewState":{"m_AlwaysRefresh":false,"showFog":true,"showSkybox":true,"showFlares":true,"showImageEffects":true,"showParticleSystems":true,"showVisualEffectGraphs":true,"m_FxEnabled":true},"in2DMode":false,"pivot":{"x":679.9981079101563,"y":441.6843566894531,"z":9.18182373046875},"rotation":{"x":0.006009954959154129,"y":-0.0024097601417452099,"z":0.00003059573646169156,"w":1.0000115633010865},"size":359.82501220703127,"orthographic":false}