{"cameraMode":{"drawMode":0,"name":"Shaded","section":"Shading Mode"},"sceneLighting":true,"audioPlay":false,"sceneViewState":{"m_AlwaysRefresh":false,"showFog":true,"showSkybox":true,"showFlares":true,"showImageEffects":true,"showParticleSystems":true,"showVisualEffectGraphs":true,"m_FxEnabled":true},"in2DMode":false,"pivot":{"x":1038.969482421875,"y":487.6929931640625,"z":174.2586669921875},"rotation":{"x":-0.048274219036102298,"y":-0.026370758190751077,"z":0.0012752743205055595,"w":-0.9984967708587647},"size":633.8795166015625,"orthographic":false}