{"cameraMode":{"drawMode":0,"name":"Shaded","section":"Shading Mode"},"sceneLighting":true,"audioPlay":false,"sceneViewState":{"m_AlwaysRefresh":false,"showFog":true,"showSkybox":true,"showFlares":true,"showImageEffects":true,"showParticleSystems":true,"showVisualEffectGraphs":true,"m_FxEnabled":true},"in2DMode":false,"pivot":{"x":0.5444458723068237,"y":2.7575812339782717,"z":0.4246530532836914},"rotation":{"x":0.052479662001132968,"y":0.01706705614924431,"z":-0.000886073219589889,"w":0.9985066056251526},"size":3.4251768589019777,"orthographic":false}