{"cameraMode":{"drawMode":0,"name":"Shaded","section":"Shading Mode"},"sceneLighting":true,"audioPlay":false,"sceneViewState":{"m_AlwaysRefresh":false,"showFog":true,"showSkybox":true,"showFlares":true,"showImageEffects":true,"showParticleSystems":true,"showVisualEffectGraphs":true,"m_FxEnabled":true},"in2DMode":false,"pivot":{"x":715.8411865234375,"y":683.6148681640625,"z":1020.203857421875},"rotation":{"x":0.009009853936731816,"y":0.006589922122657299,"z":-0.0000528060263604857,"w":0.999966025352478},"size":868.64501953125,"orthographic":false}