{"cameraMode":{"drawMode":0,"name":"Shaded","section":"Shading Mode"},"sceneLighting":true,"audioPlay":false,"sceneViewState":{"m_AlwaysRefresh":false,"showFog":true,"showSkybox":true,"showFlares":true,"showImageEffects":true,"showParticleSystems":true,"showVisualEffectGraphs":true,"m_FxEnabled":true},"in2DMode":false,"pivot":{"x":1026.3131103515625,"y":741.6995239257813,"z":1017.1163330078125},"rotation":{"x":0.009009853936731816,"y":0.006589922122657299,"z":-0.0000528060263604857,"w":0.999966025352478},"size":1020.100341796875,"orthographic":false}