{"cameraMode":{"drawMode":0,"name":"Shaded","section":"Shading Mode"},"sceneLighting":true,"audioPlay":false,"sceneViewState":{"m_AlwaysRefresh":false,"showFog":true,"showSkybox":true,"showFlares":true,"showImageEffects":true,"showParticleSystems":true,"showVisualEffectGraphs":true,"m_FxEnabled":true},"in2DMode":false,"pivot":{"x":0.26765796542167666,"y":-0.5459745526313782,"z":1.9118613004684449},"rotation":{"x":0.29120078682899477,"y":-0.6555376052856445,"z":0.30464357137680056,"w":0.6266810894012451},"size":1.7548754215240479,"orthographic":false}