{"cameraMode":{"drawMode":0,"name":"Shaded","section":"Shading Mode"},"sceneLighting":true,"audioPlay":false,"sceneViewState":{"m_AlwaysRefresh":false,"showFog":true,"showSkybox":false,"showFlares":true,"showImageEffects":true,"showParticleSystems":true,"showVisualEffectGraphs":true,"m_FxEnabled":true},"in2DMode":false,"pivot":{"x":-0.015038654208183289,"y":-0.013703659176826477,"z":-0.005780581384897232},"rotation":{"x":-0.0077997539192438129,"y":-0.04888319969177246,"z":0.0003852130030281842,"w":-0.998781144618988},"size":0.1343197077512741,"orthographic":false}