{"cameraMode":{"drawMode":0,"name":"Shaded","section":"Shading Mode"},"sceneLighting":true,"audioPlay":false,"sceneViewState":{"m_AlwaysRefresh":false,"showFog":true,"showSkybox":false,"showFlares":true,"showImageEffects":true,"showParticleSystems":true,"showVisualEffectGraphs":true,"m_FxEnabled":false},"in2DMode":false,"pivot":{"x":7.2067389488220219,"y":0.02606387808918953,"z":3.8011722564697267},"rotation":{"x":-0.27985766530036929,"y":0.6467692852020264,"z":-0.27871716022491457,"w":-0.6529408097267151},"size":0.07204344868659973,"orthographic":false}