{"cameraMode":{"drawMode":0,"name":"Shaded","section":"Shading Mode"},"sceneLighting":false,"audioPlay":false,"sceneViewState":{"m_AlwaysRefresh":false,"showFog":true,"showSkybox":false,"showFlares":true,"showImageEffects":true,"showParticleSystems":true,"showVisualEffectGraphs":true,"m_FxEnabled":false},"in2DMode":false,"pivot":{"x":0.15277476608753205,"y":0.11146239936351776,"z":0.12809902429580689},"rotation":{"x":0.19550858438014985,"y":-0.3905794024467468,"z":0.08653182536363602,"w":0.895724356174469},"size":0.28668639063835146,"orthographic":false}